{
  "transactions": [
    {
      "id": "1",
      "type": "expense",
      "amount": 60,
      "category": "transport",
      "note": "Bus fare",
      "date": "2025-04-24T08:00:00Z"
    },
    {
      "id": "2",
      "type": "income",
      "amount": 500,
      "category": "freelance",
      "note": "Logo design",
      "date": "2025-04-24T10:30:00Z"
    },
    {
      "id": "3",
      "type": "expense",
      "amount": 120,
      "category": "food",
      "note": "Lunch",
      "date": "2025-04-24T13:00:00Z"
    },
    {
      "id": "4",
      "type": "expense",
      "amount": 30,
      "category": "snacks",
      "note": "Tea & biscuits",
      "date": "2025-04-24T16:00:00Z"
    },
    {
      "id": "5",
      "type": "income",
      "amount": 1000,
      "category": "gift",
      "note": "Birthday gift",
      "date": "2025-04-24T19:30:00Z"
    },
    {
      "id": "6",
      "type": "expense",
      "amount": 200,
      "category": "groceries",
      "note": "Vegetables",
      "date": "2025-04-23T11:00:00Z"
    },
    {
      "id": "7",
      "type": "income",
      "amount": 800,
      "category": "bonus",
      "note": "Project reward",
      "date": "2025-04-22T14:00:00Z"
    },
    {
      "id": "8",
      "type": "expense",
      "amount": 50,
      "category": "entertainment",
      "note": "Movie ticket",
      "date": "2025-04-21T19:00:00Z"
    },
    {
      "id": "9",
      "type": "expense",
      "amount": 100,
      "category": "utilities",
      "note": "Electricity bill",
      "date": "2025-04-20T09:30:00Z"
    },
    {
      "id": "10",
      "type": "income",
      "amount": 300,
      "category": "side job",
      "note": "Tutoring",
      "date": "2025-04-18T17:00:00Z"
    }
  ]
}